,Area ,Language school,Language school link
0,"Chuo-ku, Sapporo",International Academy IAY Japanese Language Department,http://www.myiay.com/j/jp/
1,"Chuo-ku, Sapporo",Sapporo International Japanese Language Institute,http://jli.co.jp/
2,"Chuo-ku, Sapporo",Sapporo Language Center,http://www.sprlc.jp/
3,"Chuo-ku, Sapporo",Hokkaido Japanese Language Academy Sapporo Main School,http://h-nihongo.org/
4,"Chuo-ku, Sapporo",Tomo Language Academy Sapporo School,https://yula.jp/
5,"Kita-ku, Sapporo",Soken Gakuen Nursing Preliminary Japanese Course,http://www.kanyobi-nihongo.jp/
6,"Toyohira-ku, Sapporo",Hokkaido Askgate Japanese School Sapporo School,https://www.askgate-jpschool.com/
7,Hakodate City,Japan International Language Academy Hakodate School,https://j-ila.com/
8,Asahikawa,Asahikawa Japanese Language School Hokkaido,https://www.asahikawa-jls.com/course/
9,Eniwa City,Hokkaido HSL Japanese Language School,http://www.shizunai.co.jp/hsl/
10,Eniwa City,Hokkaido High Technology College,http://jpn.hht.ac.jp/gakka/
11,"Higashikawa-cho, Kamikawa-gun",Asahikawa Welfare College,http://www.hokko.ac.jp/kyokufuku/course_nihongo.html
12,"Higashikawa-cho, Kamikawa-gun",Higashikawa Municipal Higashikawa Japanese Language School,http://higashikawa-jls.com/
13,Morioka City,Ueno Law Business College,https://www.ueno.ac.jp/japanese/
14,Morioka City,Morioka College of Information Business,http://www.mjls.jp/
15,"Aoba Ward, Sendai City",Aoba Foreign Language Institute,https://aobagaigo.org/
16,"Aoba Ward, Sendai City",International Academy Language School,http://www.ials.jp/ials/
17,"Aoba Ward, Sendai City",Japan Computer Academy Sendai International Japanese Language School,https://www.sjls.ac.jp/
18,"Aoba Ward, Sendai City",Sendai Language School Japanese Course,http://www.sendai-lang.com/
19,"Aoba Ward, Sendai City",Tohoku Foreign Language Tourism College,http://japanese.tohokugaigo.ac.jp/
20,"Aoba Ward, Sendai City",Tohoku Multicultural Academy,http://tta-foundation.org/
21,"Aoba Ward, Sendai City",Oriental International Cultural Academy,https://www.toyo-kokusai.com/
22,"Aoba Ward, Sendai City",Future Forest Academy Japanese Language Department,https://mirainomori.ac.jp/
23,Yamagata City,Tohoku Bunkyo University Junior College Department International Student Special Course,http://www.t-bunkyo.jp/c/ryugakusei/
24,Shinjo City,Shinjo Computer College Japanese Course,https://shinjo.core-gakuen.com/
25,Fukushima City,Fukushima Japanese Language Institute,http://www.hkr.co.jp/fjs/
26,Koriyama City,International Art & Design College Japanese Language Department,https://www.fsg-college.jp/foreign/index.html
27,Koriyama City,Fukushima Medical College Japanese Language Department,https://f-iryo-jld.com/
28,Iwaki City,Higashi Nippon International University International Student Special Course,http://www.shk-ac.jp/department_foreign_students_message.html
29,Mito City,Ibaraki International Academy,https://www.jsdi.or.jp/~nihongo/course.html
30,Mito City,Kyoshin Language Academy Mito School,https://www.kla.ac/jp/school/mito/
31,Mito City,Hitachi Gakuin,http://www.hitachi-l-s.com/jp/
32,Mito City,Mirai Japanese School,https://mirai-nihongo.jp/index.html
33,Hitachi City,Hitachi Sakura Japanese School,https://www.hitachi-sakura.com/
34,Tsuchiura City,Earl Medical Welfare Japanese Department,https://a-ru.ac.jp/course/japanese/index.html
35,Tsuchiura City,Tsukuba Foreign Language Institute,http://tfla.jp/
36,Shimotsuma City,JOA Japanese Language Institute,http://joa-academy.jp/wp/ja/home-ja/
37,Toride City,Japanese School Tsukuba Smile,http://www.tsukuba-smile.jp/
38,Tsukuba City,Jonan International Academy,https://www.jia-jp.com/
39,Tsukuba City,"Tsukuba Bunka Gakuen, Japan Tsukuba International Language Institute",https://www.tlc.ac.jp/gaiyou.html
40,"Oarai Town, Higashiibaraki County",Oarai International Exchange Academy,https://www.oarai-academy.com/index.html
41,"Tone Town, Kitasoma District",Tone International Academy,http://www.tria.jp/
42,"Tone Town, Kitasoma District",Nihon Wellness Sports University,https://www.nihonwellness-sport.jp/admission/abroadstudent.html
43,Utsunomiya City,Atis International Academy,http://www.atys-academy.org/
44,Utsunomiya City,Utsunomiya Nikken Technical College,https://www.utsunomiyanikken.com/international/course_06.php
45,Utsunomiya City,Utsunomiya Japanese Language Institute,https://nihongo-ujls.jp/
46,Utsunomiya City,Oyama International Japanese Language School,http://www.tbc-nihongo.com/
47,Utsunomiya City,St. Mary Japanese Academy,http://stmary-u.jp/
48,Utsunomiya City,Tochigi International Education Academy,https://tiei.jp/
49,Utsunomiya City,Maronnier Japanese Language Institute,https://www.marronnier2016.com/
50,Ashikaga City,Vocational school Ashikaga Community College,http://onuki-acc.jp/
51,Ashikaga City,Kairinjuku Japanese Language School,https://www.kjjls.com/
52,Tochigi City,Kogakuin,http://www.cc9.ne.jp/~kogakuin/
53,Oyama City,Tibby Japanese Language School,http://www.tbc-nihongo.com/
54,"Shioya-cho, Shioya-gun",Tochinoki Japanese Language Institute,https://www.yukuhiro.jp/tochinoki/
55,"Takanezawa Town, Shioya District",Japan School of Business,http://value-works-jsb.com/
56,Maebashi City,Accola Japanese Language Institute,https://www.accola-academy.com/
57,Maebashi City,NIPPON Language Academy,http://www.nila.jp/
58,Maebashi City,NIPPON Bunka Gakuin,https://nippon-academy.ac.jp/nica/
59,Maebashi City,NIPPON Heiwa Gakuin,https://meibo.shigaku.go.jp/gakkou_g?g_id=65444
60,Maebashi City,Fuji Language School,https://fujils.com/
61,Maebashi City,Maebashi Medical Welfare College,https://www.e-mirai.com/japanese/
62,Takasaki City,Vocational School Central Johodai School Japanese Language Department,https://www.chuo.ac.jp/cid/department/japanese
63,Shibukawa,Takasaki Dream Japanese Language School,https://www.takasakidream.jp/
64,"Itakura-cho, Ora-gun",Yamayuki Japanese School,https://sjls07.wixsite.com/sankou
65,"Omiya Ward, Saitama City",Saitama Japanese Language School,https://www.s-jls.com/
66,"Omiya Ward, Saitama City",Hanasaku Language Academy,http://jls-tokyo.jp/
67,"Omiya Ward, Saitama City",Yono Gakuin Japanese Language School,https://www.yono-gakuin.co.jp/
68,"Chuo Ward, Saitama City",Tokyo Japanese Language Institute,https://tokyonichigo.co.jp/
69,"Urawa Ward, Saitama City",Ageo International Education Center,https://sakuranbo.com.vn/%E6%B5%A6%E5%92%8C%E5%9B%BD%E9%9A%9B%E6%95%99%E8%82%B2%E3%82%BB%E3%83%B3%E3%82%BF%E3%83%BCuiec%E3%80%80%EF%BC%8D%E3%80%80%E4%B8%8A%E5%B0%BE%E5%9B%BD%E9%9A%9B%E6%95%99%E8%82%B2%E3%82%BB%E3%83%B3/?lang=ja
70,"Urawa Ward, Saitama City",Urawa International Academy Urawa School,http://urawa-school.com/
71,"Urawa Ward, Saitama City",Urawa International Education Center,http://www.uiec.jp/jpn/index_jpn.html
72,"Minami Ward, Saitama City",Kanto International Academy,http://www.kantou-school.com/
73,"Minami Ward, Saitama City",Musashi Urawa Japanese Language Institute,https://musashi-nihongo.jp/
74,"Midori Ward, Saitama City",SAI International Education Academy,http://sai-jp.school/contents/
75,Kawagoe City,Yamaguchi Gakuin International Information and Economics College Japanese Language Course,https://www.iiec.ac.jp/
76,Kawagoe City,International Bridge Academy,http://ibacademy.jp/
77,Kawagoe City,Naruyuki Japanese School,https://seikouschool.jp/school.html
78,Kawagoe City,Tokyo Globe Language Academy,https://tokyo-globe.com/
79,Kawagoe City,Yamate Japanese Language School,https://yamate-jls.aiko.ac.jp/ja/
80,Kawaguchi city,Toyo Academy Japanese Language Institute,http://toyoacdemy.o.oo7.jp/
81,Kawaguchi city,Hongo International Academy,https://www.hongo-edu.com/
82,Kawaguchi city,Holy Pigeon International College,https://www.mihato.asia/
83,Gyoda City,Saitama International Academy,http://www.saisc.jp/
84,Gyoda City,Sakitama International Academy,https://sakitama-ia.com/
85,Tokorozawa City,"Tokyo Institute of Education and Culture, Tokorozawa School",http://tokyoeci.jp/
86,Hanno City,Eiko Japanese Language School Hanno School,http://jp.eikou-school.com/
87,Higashimatsuyama City,Eiko Japanese Language Academy,http://jp.eikou-school.com/
88,Higashimatsuyama City,Hiki Academy Japanese Language School,https://www.hiki-academy.com/
89,Sayama City,Saitama Briey Japanese School,https://www.saitama-briller-jls.jp/
90,Koshigaya,Tokyo Asian Alumni Association,https://www.tokyoasia.com/
91,Koshigaya,Bunkyo University Foreign Student Special Course,https://www.bunkyo.ac.jp/faculty/foreign_students/
92,Warabi City,Urawa International Academy Saitama School,http://urawa-school.com/
93,Warabi City,Prince International Language Institute,https://www.oji-gaigo.com/
94,Iruma City,Asahi Japanese Language Institute,http://asahischool.starfree.jp/
95,Niiza City,Central Information College,https://www.ccmc.ac.jp/
96,Sakado City,Josai University Special Course,https://www.josai.ac.jp/education/bekka/index.html
97,Sakado City,Toa International Language Institute,https://toua-edu.com/
98,Sakado City,Heisei International Education Academy,https://www.h-iea.com/
99,Sakado City,Wakaba International Education Academy,https://wkb-iei1.jimdo.com/
100,Fujimino City,Tokyo International Academy Japanese Language School,http://tilcollege.com/japanese/
101,"Chuo Ward, Chiba City",Withdom International Academy,http://www.wisdom-academy.jp/
102,"Chuo Ward, Chiba City",Ueno Law Business College Japanese Language Department,http://www.uenohouka.ac.jp/
103,"Chuo Ward, Chiba City",AID International Academy,https://aid-academy.jp/
104,"Chuo Ward, Chiba City",International Travel Hotel Bridal College Japanese Language Department,https://www.ithb.ac.jp/?gclid=CjwKCAjw-ZCKBhBkEiwAM4qfFw-6oCW6mD8LGfxNsSQCFIbnTHNFCE2TUGyf4aOLx5ZSSfV3Cp3wxxoCny8QAvD_BwE
105,"Chuo Ward, Chiba City",3H Japanese Language School,https://www.go3h.com/
106,"Chuo Ward, Chiba City",Central International Cultural Institute,http://www.cicacademy.net/?ckattempt=1
107,"Chuo Ward, Chiba City",Tokyo one Japanese language school Chiba school,http://tokyo1-school.com/
108,"Chuo Ward, Chiba City",Futabagaigo School,https://www.futabacollege.com:448/JP/index.asp
109,"Hanamigawa Ward, Chiba City",Shintomi International Language Institute,http://shintomi.jp/
110,"Hanamigawa Ward, Chiba City",Makuhari Japanese School,http://www.cxcfs.com/makuhari-jls/
111,"Wakaba Ward, Chiba City",Takizawa Gakuen Chiba Mode Business College Japanese Department,http://takizawa.ac.jp/index/
112,"Mihama Ward, Chiba City",Active Japanese Language Institute,http://active-jls.jp/school/
113,"Mihama Ward, Chiba City",Kanda University of International Studies International Student Special Course,https://www.kandagaigo.ac.jp/kuis/main/faculties/bekka/
114,Choshi City,Chiba Institute of Science International Student Special Course,http://www.cis.ac.jp/examinfo/international/index.html
115,Ichigawa City,Ichikawa Japanese Language Institute,https://aiueo.ws/
116,Ichigawa City,Mizuno Foreign Language Institute,http://mizunogaigogakuin.com/
117,Funabashi City,International School Funabashi,http://www.e-fils.com/
118,Funabashi City,SMI Business College,http://www.e-ojls.com/
119,Funabashi City,Only One Nihongo School,http://www.e-ojls.com/
120,Funabashi City,Tokyo JLA Foreign Language School,http://jlacollege.com/
121,Funabashi City,Nikko Japanese Language Institute,https://www.nikkoschool.com/
122,Matsudo City,KEN Japanese Language Institute,http://www.kenjp.com/
123,Matsudo City,Matsudo International Academy,https://www.mijpschool.com/
124,Matsudo City,Manabiya International Language Institute,http://manabiya.school/
125,Matsudo City,Matsuyama Gakuen Miyabi International Academy,https://www.japaneselanguage-ac.jp/
126,Matsudo City,Meisei Information Business College Japanese Language Department,https://www.nkk.ac.jp/japanese/
127,Matsudo City,Meito Japanese Language Institute,http://www.mateji.com/
128,Narita City,AIT Japanese School,http://www.ait-school.co.jp/
129,Narita City,Narita Japanese Language School,http://www.njls.jp/
130,Sakura City,Tokyo Sakura Gakuin,https://tsa-keio.jp/
131,Togane City,Josai International University International Student Special Course,https://www.jiu.ac.jp/bekka/
132,Narashino City,Narashino Foreign Language Institute,http://www.nifl.jp/
133,Kashiwa City,Asahi International School,https://www.asahikokusaigakuin.com/
134,Kashiwa City,Chiba International Academy,https://www.chibakokusai.com/
135,Kashiwa City,Japanese International Academy,http://www.japanese-iac.com/
136,Kashiwa City,Akito Japanese Language Institute,https://www.meiyuu-js.com/
137,Kashiwa City,Reitaku University Special Course Japanese Language Training Course,https://www.reitaku-u.ac.jp/news/research/73184/
138,Nagareyama City,Tokyo Bridge Japanese Language School,http://www.tokyobridge.co.jp/
139,Abiko City,YUME Japanese Language Institute,https://www.facebook.com/yumelanguagejp/
140,Abiko City,YOMA Japanese Language Institute,https://kawasemiweb.com/
141,Kamogawa City,Kamedairyogijutsu College Japanese Language Department,http://www.kameda-i.ac.jp/info/school/detail/496.html
142,Kimitsu City,Tsubasa International Academy,https://tia.tsubasa-gr.jp/
143,Urayasu,Meikai University Special Course Japanese Language Training Course,https://www.meikai.ac.jp/department-graduateschool/sjlc/
144,Urayasu,Wayo Japanese Language Institute Urayasu School,http://wayo-nihongo.com/
145,Tomisato City,Narita International High School,https://nijls.com/
146,Tomisato City,Heisei International Academy,http://hiacademy.co.jp/
147,Katori City,Sawara Gakuen,https://www.sawaragakuen.com/ja/
148,"Tako-cho, Katori-gun",International Cooperation Japanese Language Institute,https://www.ic-jli.com/
149,"Kanagawa Ward, Yokohama City",Ohara Bookkeeping Information Business College Yokohama School,https://school.o-hara.ac.jp/yokohama/
150,"Kanagawa Ward, Yokohama City",Yokohama Medical College,https://www.yokohama-isen.ac.jp/
151,"Kanagawa Ward, Yokohama City",Yokohama International Language School,https://www.yijls.com/
152,"Kanagawa Ward, Yokohama City",Waseda Language Institute Yokohama School,http://www.wls.co.jp/yokohama.html
153,"Nishi-ku, Yokohama",IPA International Education Academy,https://ipajp.com/
154,"Nishi-ku, Yokohama",Yokohama International Education Academy,https://yiea.com/
155,"Nishi-ku, Yokohama",Yokohama Design College,https://www.ydc.ac.jp/
156,"Naka-ku, Yokohama",Aishin International Academy,https://aishin-kokusai.com/
157,"Naka-ku, Yokohama",Asia International Language Center,http://www.ailc.asia/
158,"Naka-ku, Yokohama",Asuka Gakuin,http://www.asuka-gakuin.jp/?lang=ja
159,"Naka-ku, Yokohama",Alice Japanese School Yokohama School,https://gakuen.alice-japan.net/
160,"Naka-ku, Yokohama",Yokohama YMCA Academy,https://www.yokohamaymca.ac.jp/gakuin/
161,"Minami-ku, Yokohama",Yokohama International Language Institute,http://www.yili-edu.com/
162,"Minami-ku, Yokohama",Yokohama Mirai Japanese Language Institute,https://www.yokohamamirai.com/
163,"Kanazawa Ward, Yokohama City",KOYO International Academy,https://www.koyojca.com/
164,"Aoba Ward, Yokohama City",Kanrin Japanese Language School,https://www.kanrin.net/
165,"Kawasaki Ward, Kawasaki City",Foreign Language Business Vocational School,https://www.cbc.ac.jp/
166,"Kawasaki Ward, Kawasaki City",Waseda EDU Japanese Language School Yokohama School,https://www.wasedals.com/about/
167,"Nakahara Ward, Kawasaki City",Logos International institute,http://logos1987.jp/
168,"Tama Ward, Kawasaki City",YMCA International Business College,https://www.yokohamaymca.ac.jp/kokusaibiz/
169,"Minami Ward, Sagamihara City",Sagami International Academy,https://sagamikokusai.jp/
170,Hiratsuka,Tokai University Special Course Japanese Language Training Course,https://www.u-tokai.ac.jp/examination-admissions/examination/japanese-language-course/
171,Odawara city,LIBERTY Odawara Japanese Language School,http://www.lib-odawara.jp/
172,Atsugi City,YMCA Health and Welfare College Japanese Department,https://www.yokohamaymca.org/facility/well-proschool-ja/
173,Yamato City,Yamato Foreign Language Institute,http://nmra.sakura.ne.jp/
174,Isehara City,International General Health College Japanese Department,http://www.kokusai-kenko.school-info.jp/custom2.html
175,Chiyoda Ward,"Kudan Institute of Japanese Language, Japanese Language Institute",https://www.kudan-japanese-school.com/jp/
176,Chiyoda Ward,Tokyo Chiyoda Japanese Language School,https://www.tokyo-cjls.com/
177,Chiyoda Ward,YMCA Tokyo Japanese Language School,http://www.ayc0208.org/nihongo/JP/
178,Chuo-ku,Kyushu Foreign Language Institute Tokyo Nihonbashi School,http://www.kfla.jp/
179,Chuo-ku,Ginza World Academy,http://www.ginzaacademy.com/rby/
180,Chuo-ku,International Institute of Japanese Language,http://www.icea-j-school.co.jp/
181,Chuo-ku,Tokyo Galaxy Japanese Language School,http://www.tokyogalaxy.ac.jp/
182,Chuo-ku,Tokyo Nihonbashi Foreign Language Institute,http://nihonbashi.school/map.html
183,Chuo-ku,HESED Foreign Language School Nihonbashi School,https://www.hesedjp.net/
184,Minato-ku,Aoyama International Education Institute,https://www.aoyama-international.com/
185,Minato-ku,Edo Culture Center,https://www.edocul.com/
186,Minato-ku,Kasumiyamakai General Incorporated Foundation Toa Gakuin,http://toagakuin.kazankai.org/
187,Minato-ku,Keio University Japanese Language and Culture Education Center Special Course / Japanese Language Training Course,http://www.cjs.keio.ac.jp/
188,Minato-ku,Daiki Japanese Language Institute Tokyo,https://www.dai-ki.co.jp/djlst/ja/top/
189,Minato-ku,Tokyo Shibaura Institute of Foreign Languages,http://www.tokyoshibaura.com/
190,Minato-ku,Tokyo Japanese Language Center,http://www.tjlc.jp/index_jp.html
191,Minato-ku,Nozomi Japanese School,http://www.nozomi-edu.com/
192,Minato-ku,UJS Language Institute,https://ujsli.jp/
193,Shinjuku ward,Arc Academy Shinjuku School,https://yousei.arc-academy.net/course/comp420/?gclid=CjwKCAjw-ZCKBhBkEiwAM4qfF3HMd7vEPlYnvocd0wAt8zwvaxukeLLCm0D_vax69TqpnRGros_RgBoCGGkQAvD_BwE
194,Shinjuku ward,ISI Language School,https://www.isi-education.com/ja/
195,Shinjuku ward,Academy of Language Arts,https://ala-school.jp/ja/home-ja/
196,Shinjuku ward,Ikushu International Language Institute,https://hellojtc.jp/
197,Shinjuku ward,Elite Japanese Language School,https://www.eliteschooljapan.com/
198,Shinjuku ward,OL Jay Language Academy,https://www.kla.ac/jp/school/olj/
199,Shinjuku ward,Kai Japanese School,https://www.kaij.jp/ja/
200,Shinjuku ward,Kyoshin Language Academy Shinjuku School,https://www.kla.ac/jp/school/shinjyuku/
201,Shinjuku ward,Coach Academy Japanese Language School,https://jp.coach-japanese.com/
202,Shinjuku ward,KCP Global Citizens Japanese Language School,https://www.kcp.ac.jp/
203,Shinjuku ward,Sakura Tokyo Japanese School,https://www.nihongo.tokyo.jp/
204,Shinjuku ward,Sam Education Academy,https://samu-language.com/
205,Shinjuku ward,JCLI Japanese Language School,http://jclischool.com/
206,Shinjuku ward,System Toyo Gaigo,http://www.systemtoyo.com/
207,Shinjuku ward,Shinjuku Gyoen Gakuin,https://gyoen.co.jp/
208,Shinjuku ward,Shinjuku International Exchange Academy,http://www.kohgakusha.com/ija-shinjuku/
209,Shinjuku ward,Shinjuku Japanese Language School,https://www.sng.ac.jp/jp/
210,Shinjuku ward,Shinjuku Mt. Fuji International Language Institute,https://sjf-international-language.jimdo.com/
211,Shinjuku ward,Shinjuku Heiwa Japanese Language School,https://shinjuku-heiwa.com/
212,Shinjuku ward,Shinwa Foreign Language Academy,https://ja.shinwajpn.com/
213,Shinjuku ward,Sendagaya Japanese Institute,https://www.jp-sjs.ac.jp/
214,Shinjuku ward,Japanese School Attached to Sendagaya Japanese Language Education Institute,https://www.jp-sji.org/jpc/
215,Shinjuku ward,Tokyo University of Foreign Studies,http://dongwai.co.jp/dongwai/jp/
216,Shinjuku ward,Tokyo Foreign Language College,https://tflc.ac.jp/
217,Shinjuku ward,Tokyo Foreign Language Japanese School,https://www.jli-tflc.jp/
218,Shinjuku ward,Japanese Language School attached to Tokyo International University,https://www.jpschool.ac.jp/
219,Shinjuku ward,Tokyo International Japanese School,https://www.tijs.jp/
220,Shinjuku ward,Tokyo International Cultural Institute Shinjuku School,https://tokyoia.com/
221,Shinjuku ward,Tokyo Cosmo Gakuen,http://www.tokyo-cosmo.com/
222,Shinjuku ward,Tokyo JLA Foreign Language School Waseda School,http://jlacollege.com/
223,Shinjuku ward,Tokyo Central Japanese Language School,https://日本語教師.jp.net/
224,Shinjuku ward,Tokyo Japanese Language Institute,https://tokyonk.com/
225,Shinjuku ward,Tokyo World Japanese School,https://twla.jp/
226,Shinjuku ward,Tokyo Waseda Foreign Language School New Okubo School,http://tokyowaseda.com/main/intro.html
227,Shinjuku ward,Tokyo Waseda Foreign Language School,http://tokyowaseda.com/main/intro.html
228,Shinjuku ward,Toshin Language School,https://www.tsschool.co.jp/index_ja.php
229,Shinjuku ward,Japanese-American Conversation Academy Japanese Language Institute,https://www.nichibei.ac.jp/njli/
230,Shinjuku ward,Japan Student Support Organization Tokyo Japanese Language Education Center,https://www.jasso.go.jp/ryugaku/index.html
231,Shinjuku ward,Japan Tokyo International School,http://jtis.tokyo/
232,Shinjuku ward,Higashi Shinjuku Japanese Language Institute,http://www.nishi-tokyo-jls.com/
233,Shinjuku ward,Human Academy Japanese Language School Tokyo,https://hajl.athuman.com/
234,Shinjuku ward,Fuji International Language Institute,http://www.fuji-edu.jp/jp/
235,Shinjuku ward,Hotsuma International School Tokyo,https://hotsuma-group.com/new/
236,Shinjuku ward,Midream School of Japanese Language,https://midream.ac.jp/
237,Shinjuku ward,Mitsumine Career Academy Japanese Course,http://www.mcaschool.jp/
238,Shinjuku ward,Famous school education Japanese language school,https://mekoacademy.com/
239,Shinjuku ward,Meiji Language School,https://meiji-school.jp/
240,Shinjuku ward,Tomo International Cultural Institute,https://yula.jp/school/
241,Shinjuku ward,Friend Language Academy,https://yula.jp/school/
242,Shinjuku ward,UNITAS Japanese Language School Tokyo,http://www.unitas-ej.com/
243,Shinjuku ward,Yoshida Institute of Japanese Language,https://yosida.com/japanese/
244,Shinjuku ward,Lab Japanese Language Education and Training Center,http://www.labo-nihongo.com/
245,Shinjuku ward,Linkage Japanese School,https://www.linguage-japanese-school.com/
246,Shinjuku ward,Waseda EDU Japanese Language School,https://www.wasedals.com/
247,Shinjuku ward,Waseda Foreign Language College,https://www.waseda-flc.ac.jp/
248,Shinjuku ward,Waseda Keifuku Language Institute,https://www.kfla.co.jp/
249,Shinjuku ward,Waseda Language School,https://www.wls.co.jp/
250,Shinjuku ward,Waseda University Center for Japanese Language Education and Research Japanese Language Education Program,https://www.waseda.jp/inst/cjl/
251,Bunkyo Ward,ARC Tokyo Japanese Language School,https://www.arc.ac.jp/Tokyo/
252,Bunkyo Ward,Asian Student Cultural Association,https://www.abk.or.jp/
253,Bunkyo Ward,ABK College Japanese School,https://www.abk.ac.jp/
254,Bunkyo Ward,Kyoritsu Ikueikai Kyoritsu Japanese Language Institute,http://www.kyoritsu.ac.jp/
255,Bunkyo Ward,SANKO Japanese Language School Tokyo,https://www.sanko.ac.jp/japanese/
256,Bunkyo Ward,Takushoku University Special Course Japanese Language Course,https://www.takushoku-u.ac.jp/international/bekka/
257,Bunkyo Ward,Tokyo Bunka Gakuin,https://www.tokyobk.com/ja/
258,Bunkyo Ward,Nichichu Gakuin,https://www.rizhong.org/
259,Bunkyo Ward,Carrot Language School,https://www.ninjin-edu.com/ja/%E3%83%9B%E3%83%BC%E3%83%A0/
260,Bunkyo Ward,Meishin Japanese School,http://www.meishinjp.com/
261,Taito,Asakusa International Academy,https://www.asakusa-jp.com/
262,Taito,Intercultural Institute of Japanese Language,https://www.incul.com/
263,Taito,LIC International Academy,http://www.home-world.net/lic/
264,Taito,International Language Institute,http://nifls.la.coocan.jp/
265,Taito,International Zen Neighbor Academy,http://zenrinjp.com/
266,Taito,JSL Japan Academy Tokyo School,http://www.jslnippon.jp/
267,Taito,Tamagawa International Language School,https://www.tamagawa-school.jp/
268,Taito,Tamagawa International Academy Culture Department,https://www.tamagawa-school.jp/%E6%96%87%E5%8C%96%E9%83%A8/
269,Taito,Tokyo International Foreign Language Institute,https://www.tilajapan.com/
270,Taito,Tokyo Ueno Japanese Language Institute,http://www.t-ueno.jp/
271,Taito,Tokyo Prince Foreign Language Institute,https://tokyo-ojigaigo.com/
272,Taito,Tokyo International Asahi Gakuin,https://www.asahi-gakuin.com/
273,Taito,Tokyo International Asahi Gakuin Kitaueno School,https://www.asahi-gakuin.com/
274,Taito,Tokyo International Business College Japanese Language Department,https://www.tibc.jp/japanese.html
275,Taito,Tokyo International Culture Education Institute,http://jicea.co.jp/
276,Taito,Tokyo Riverside Gakuen,https://www.tokyoriverside.co.jp/
277,Taito,Japan International Cultural Education Academy Tokyo School,http://jicea.co.jp/
278,Taito,BJL International Japanese School,https://www.bjl-kokusai.co.jp/
279,Taito,YIEA Tokyo Academy,https://yieatokyo.com/
280,Taito,Waseda Bunkakan Japanese Language Department,http://waseda-bk.org/jp/
281,Sumida Ward,International gifted school,http://www.iisjc.com/
282,Sumida Ward,Shurin Japanese School,https://japanese.shurin.ac.jp/
283,Sumida Ward,Shinpo Kokusai Gakuin,http://www.shinpoii.co.jp/
284,Sumida Ward,Tokyo Sophia International Language Institute,https://tokyo-jt.com/
285,Sumida Ward,Tokyo Fuji Language Institute,http://tokyofuji.com/
286,Sumida Ward,Tokyo Akio Japanese Language Institute,https://www.tokyo-meisei.ac.jp/ib/
287,Sumida Ward,MANABI Foreign Language Institute Tokyo School,https://www.manabi.co.jp/
288,Koto Ward,STG International College,https://www.stgc.tokyo/
289,Koto Ward,Kinoshita Gakuen Kanan International Education Academy,https://www.canaan.ac.jp/
290,Koto Ward,Shubayashi Foreign Language College,https://shurin.ac.jp/
291,Koto Ward,Tokyo Toyo Japanese Language Institute,http://www.ttng2017.net/
292,Koto Ward,Tokyo Japanese-English Academy,https://www.tokyoje.com/
293,Koto Ward,Tokyo YMCA Nihongo Gakuin,https://tokyo.ymca.or.jp/japanese/
294,Shinagawa Ward,Tokyo Japanese Academy,https://tja.ac.jp/
295,Meguro,Eva Green Language School,https://www.evergreen.gr.jp/
296,Meguro,New Global Language School,https://newglobal.co.jp/school/
297,Ota-ku,ICLC Tokyo Japanese Language School,https://ks-global.jp/
298,Ota-ku,West Coast Language Institute,http://www.wls-jp.com/
299,Ota-ku,Kowa Japanese Language Institute,http://www.kohwa-ijl.co.jp/
300,Ota-ku,"Tokyo Education College, Tamagawa School",http://www.nihongo21tyo.jp/
301,Ota-ku,Tokyo Institute of Technology Japanese Language School,http://www.jst.ac.jp/
302,Ota-ku,Tokyo Transnational Japanese Language School,http://tokyotjls.jp/
303,Ota-ku,Meishin Japanese School,https://www.meishin-edu.jp/
304,Setagaya,Grand Vision International Academy,https://www.granvision.tokyo/
305,Setagaya,Tokyo Hinoki Foreign Language Institute,https://hinokigaigo.exblog.jp/
306,Setagaya,HESED Foreign Language School Setagaya School,https://www.hesedjp.net/
307,Setagaya,Wayo Japanese Language Institute,http://wayo-nihongo.com/
308,Shibuya Ward,Aoyama School of Japanese,http://www.aoyamaschool.com/
309,Shibuya Ward,Victoria Academy,http://vvyoyogi888.com/index.php?lang=jp&action=p1-school&id=293
310,Shibuya Ward,Shibuya Gaigo Gakuin,https://shibuyajp.net/ja/
311,Shibuya Ward,Shibuya Ral Japanese Language Institute,https://www.lallgroup.com/shibuya-lall/
312,Shibuya Ward,Tokyo Ikuei Japanese Language Institute,https://japanese-school.net/
313,Shibuya Ward,Tokyo Engineering School Japanese Language School,https://www.technos-jpschool.com/
314,Shibuya Ward,Naganuma School Tokyo Japanese Language School,https://www.naganuma-school.ac.jp/jp/
315,Shibuya Ward,Hiroo Japanese Center,http://www.japaneselanguage.net/
316,Shibuya Ward,Bunka Institute of Languages,https://www.bunka-bi.ac.jp/
317,Shibuya Ward,Yamano Japanese Language School,https://www.yamano-js.jp/
318,Nakano,East West Japanese Language School,http://www.eastwest.ac.jp/
319,Nakano,International Institute of Humanities and Foreign Languages,http://code81.tv/ja/%E5%9B%BD%E9%9A%9B%E4%BA%BA%E6%96%87%E5%A4%96%E5%9B%BD%E8%AA%9E%E5%AD%A6%E9%99%A2/
320,Nakano,TCC Japanese Institute,https://www.tcc-ji.com/
321,Nakano,Tokyo Nakano Japanese Language Institute,http://www.tnls.net/
322,Suginami,Gyochi Gakuen No. 2 Japanese Language School,https://jp.coach-japanese.com/specialty.shtml
323,Suginami,Contemporary Foreign Language Institute,http://www.gendai813.com/
324,Suginami,Tokyo Sanritsu Gakuin,http://www.tokyo-sanritsu.jp/
325,Suginami,Tokyo Noah Rangeji School,https://www.tokyonoah.com/index.php/ja/%e6%9d%b1%e4%ba%ac%e3%83%8e%e3%82%a2/
326,Suginami,TOPA 21st Century Language School,http://www.topa21.co.jp/
327,Toshima ward,ISI Language College,https://www.isi-education.com/ja/
328,Toshima ward,ICA International Conversation Academy,https://icaschool.jp/
329,Toshima ward,An Language School,https://anschool.net/
330,Toshima ward,Vocational school International School of Business,https://www.isb.ac.jp/
331,Toshima ward,International Academy Japanese Language Institute,http://www.ksa-ikebukuro.com/
332,Toshima ward,Sunshine Language School,https://www.sunshinesch.com/
333,Toshima ward,Sunshine Gakuen Tokyo Welfare Childcare College,https://www.sunshine.ac.jp/
334,Toshima ward,Sendagaya Foreign Language Institute,https://www.jp-sjs.ac.jp/school/history/
335,Toshima ward,Chiyoda International Language Academy,http://cila.jp/
336,Toshima ward,Toei Gakuin,http://www.toeigakuin.jp/
337,Toshima ward,Tokyo language school,https://tgg.tokyo/
338,Toshima ward,Tokyo International Exchange Academy Ikebukuro School,https://ikebukuro.tokyo-japanesels.jp/
339,Toshima ward,"Tokyo Institute of Language, Japanese Language Center",https://www.j-study.net/
340,Toshima ward,Bunka Gakuen Japan College of Foreign Languages (Japanese Language Department),http://www.jcfl.ac.jp/nihongo/
341,Toshima ward,Meros Language School,http://www.meros.jp/
342,Kita Ward,Asia Fellowship Society Foreign Language Academy,http://www.asiatomo.com.cn/jp/
343,Kita Ward,JET Japanese School,http://jet.ac.jp/
344,Kita Ward,Shutoku Education Academy,http://syutoku-edu.jp/
345,Kita Ward,JIN Tokyo Japanese Language School,https://jintokyo.com/
346,Kita Ward,Japanese Language School attached to Chuo Technical School,http://www.chuo-j.ac.jp/
347,Kita Ward,Tokyo Foreign Language Academy Japanese Language School,http://www.tgn.ac.jp/
348,Kita Ward,Tokyo International Knowledge Academy,https://tkcg.jp/
349,Kita Ward,Tokyo Negamo International Academy,http://tedu.mekoacademy.com/
350,Kita Ward,Waseda Shingakukan,https://wpls.jp/
351,Arakawa,IECC Japanese Language School,http://ieccschool.com/
352,Arakawa,Akamonkai Japanese Language School Nippori School,https://www.akamonkai.ac.jp/
353,Arakawa,Akamonkai Japanese Language School Main School,https://www.akamonkai.ac.jp/access/japan.html
354,Arakawa,Dynamic Business College,https://www.dbcjpn.jp/
355,Arakawa,Tokyo City Japanese Language School,https://tmj-japanese.com/
356,Arakawa,Tokyo International Japanese School,https://www.tijs.jp/
357,Arakawa,Fuji International Language Institute Waseda School,http://www.fuji-edu.jp/jp/index.php?s=/Home/article/index/category/56.html
358,Itabashi Ward,An language school Narimasu school,https://anschool.net/narimasu/
359,Itabashi Ward,An Language School Mitsugaoka School,https://anschool.net/hikarigaoka/
360,Itabashi Ward,Urawa International Academy Tokyo School,http://urawa-school.com/
361,Itabashi Ward,Kokusho Japanese Language School,https://www.kokusho-edu.jp/
362,Itabashi Ward,Cosmos Foreign Language Institute,http://www.cosmos-ail.jp/
363,Itabashi Ward,Shukutokunihongo School,http://www.shukutoku-school.com/
364,Itabashi Ward,Tokyo Asahi Academy,http://www.tokyo-asahi.jp/
365,Itabashi Ward,Tokyo Itabashi Japanese Language School,http://www.ting2017.net/
366,Itabashi Ward,Tokyo Kokoro Japanese Language School,https://tokyococoro.jp/
367,Itabashi Ward,Fuji Gakuen Fuji Japanese Language School,http://fuji-edu.ac.jp/List.aspx?ArticleCategoryID=280&r=1
368,Nerima Ward,Ann Language School Nerima School,https://anschool.net/nerima/
369,Adachi Ward,ALCC Tokyo Gakuin,http://www.alcctokyo.com/
370,Adachi Ward,Tokyo Johoku Japanese Language Institute,http://www.tokyojh.jp/
371,Katsushika,Sun-A International Academy Oedo School,https://www.sun-a-tokyo.jp/
372,Katsushika,Joto Japanese Language School,https://joto.ac.jp/ja/
373,Katsushika,TIJ Tokyo Institute of Japanese,https://www.tij.ne.jp/
374,Katsushika,Tokyo Gakusha,https://tokyogs.net/ja/school/
375,Katsushika,Tokyo Yotsugi School of Education,http://yotugi-jpl.site/
376,Katsushika,Hua International Academy,https://www.hanaacademy.com/
377,Edogawa Ward,Aladdin Japanese Language Institute,https://www.aladdin-jli.com/
378,Edogawa Ward,Edogawa International Academy,https://www.edogawa-intl.com/
379,Edogawa Ward,Ohara Japanese Language Institute,https://www.o-hara.ac.jp/abroad/japanese/tokyo/
380,Edogawa Ward,Self-study school Japanese language school,http://jsg001.ec-net.jp/j_contents/j_top.htm
381,Edogawa Ward,Tokyo Foreign Language Education Academy,https://www.facebook.com/tokyoforeignlanguage/
382,Edogawa Ward,Tokyo Language Education Academy,http://tokyolea.jp/
383,Edogawa Ward,Tokyo Hirai Japanese Language School,https://thschool.co.jp/
384,Edogawa Ward,Tokyo Bayside Japanese School,http://www.home-world.net/tbs/
385,Edogawa Ward,Tokyo Masuda Japanese Language School,https://www.tokyo-masda-college.com/
386,Edogawa Ward,Toho International College,https://www.toho-ac.jp/
387,Edogawa Ward,Toyo Language School,https://www.tls-japan.com/
388,Hachioji City,Keio Language Academy,https://www.keiolaa.com/
389,Hachioji City,Tokyo International Language Institute,http://tokyo-ila.jp/
390,Hachioji City,Tokyo International Exchange College,https://tokyo-japanesels.jp/
391,Hachioji City,Towa International Academy,http://towagakuen.jp/
392,Hachioji City,Nitto International Academy Hachioji School,https://www.ntis.co.jp/
393,Musashino,Asia University International Student Special Course,https://www.asia-u.ac.jp/international/international_students/ijc/
394,Musashino,Kichijoji Foreign Language School,http://www.klschool.com/
395,Mitaka City,"College of Asian and African Languages, Department of Japanese",https://www.aacf.or.jp/
396,Ome City,Tokyo Yoyogi Japanese Language School,http://yoyogi-nihongo.com/
397,Fuchu City,Tokyo HOPE Japanese International Academy,http://hope-jlis.com/
398,Machida City,JF Oberlin University Faculty of Japanese Language and Culture (Special Course for International Students),https://www.obirin.ac.jp/japanese_extension/
399,Machida City,Nitto International School,https://www.ntis.co.jp/
400,Hino city,Gakutomo Japanese Language School,https://www.facebook.com/studyjapan.co.jp/
401,Hino city,Tokyo Global Nihongo School,https://www.tokyo-global.com/
402,Kokubunji City,KISJ Kokubunji,https://kisj.jpn.org/
403,Fussa City,New Japan Academy,http://www.nja.co.jp/
404,Fussa City,Tokyo Hirata Japanese Language Institute,https://hirata-jls.com/
405,Fussa City,Hosana Japanese Language Institute Tokyo School,https://hosanna-academy.com/
406,Fussa City,Meisei International Japanese School,https://meisei-int.jp/about/
407,Kiyose City,Tokyo Institute of Education and Culture,http://tokyoeci.jp/
408,Tama City,Tokyo Shigen Academy,https://www.facebook.com/Tokyosakuragaokagakuin/
409,"Okutama Town, Nishitama District",Okutama Japanese Language School,https://bit-okutama.com/
410,Kofu City,UNITAS Japanese Language School,http://www.unitas-ej.com/
411,Fuefuki City,Fuji Language and Culture Garden,https://studyinjpn.com/ja/schools/9525/%E5%AF%8C%E5%A3%AB%E8%A8%80%E8%AA%9E%E6%96%87%E5%8C%96%E5%AD%A6%E5%9C%92
412,Nagano city,Atago Japanese School,http://www.ajls.jp/
413,Nagano city,Nagano 21 Japanese Language Institute,https://www.nagano21jp.com/ja/
414,Nagano city,Nagano Heisei Gakuen Japanese Language Department,https://www.heisei.ac.jp/nihongoka/
415,Matsumoto,Matsumoto International Japanese Language School,https://mijs-nagano.jp/
416,Matsumoto,Marunouchi Business College,https://www.marubi.ac.jp/
417,Matsumoto,Akisakurakai Marunouchi Business College,https://www.marubi.ac.jp/
418,Ueda City,Vocational school Nagano Business Foreign Language College,https://www.isi.ac.jp/nbl/
419,Ueda City,MANABI Foreign Language Institute,https://www.manabi.co.jp/
420,Suwa City,Nagano International Culture Academy,http://www.nicc-nagano.jp/
421,"Shimosuwa Town, Suwa District",Tokyo HOPE Japanese International Academy Suwa School,http://hope-jlis.com/m12.html
422,Toyama City,Toyama International Academy,https://www.toyamaia.com/
423,Toyama City,Mt. Fuji Foreign Language Institute,https://j-ffs.com/
424,Imizu City,Toyama College of Business and Information Technology,https://www.bit.urayama.ac.jp/
425,Kanazawa,Vocational school Alice Gakuen,https://gakuen.alice-japan.net/
426,Kanazawa,Vocational school Alice Gakuen Kaga school,https://gakuen.alice-japan.net/
427,Kanazawa,Ohara Bookkeeping Law and Tourism College Kanazawa,https://www.o-hara.ac.jp/hokuriku/senmon/kanazawa/
428,Kanazawa,Vocational school first school Kanazawa school,https://fcti.ac.jp/
429,Kanazawa,Hokuriku University International Student Special Course,https://www.hokuriku-u.ac.jp/department/jlc/
430,Hakusan City,Kinjo University Junior College Department of International Students,https://www.kinjo.ac.jp/kjc/about/students.html
431,"Higashi-ku, Niigata",International Japanese College,https://www.ijcollege.com/
432,"Chuo Ward, Niigata City",International Foreign Language / Tourism / Airlines College,https://www.air.ac.jp/
433,"Chuo Ward, Niigata City",Sado International Education Academy,https://iacn.jp/sado-japanese-language-school/
434,Nagaoka City,Eisin Nagaoka Japanese Language School,https://eishin-js.com/
435,Gifu City,N.D.JAPAN ACADEMY,http://ndjapan-academy.com/
436,Gifu City,Sakura Tokai Japanese Language School,https://nihongo-tokai.jp/
437,Gifu City,ToBuCo Vocational School,https://tobuco.ac.jp/
438,Gifu City,Hotsuma International School,https://hotsuma-group.com/new/
439,Ogaki City,Gifu Kyoritsu University International Student Special Course,https://www.gku.ac.jp/academics/foreign_student/index.html
440,Ogaki City,Subaru Gakuin Ogaki School,https://nihongo-subaru.com/
441,Ogaki City,Mirai TO Japanese Language Institute,https://mirait-nihongo.com/
442,Seki City,Chubu Gakuin University Special Course Japanese Language Course,https://www.chubu-gu.ac.jp/department/bekka/
443,Hashima City,INC Japnease Language Institute,https://inc-japanese.com/
444,Hashima City,Liberty International School,http://www.liberty-is.com/
445,Mizuho City,Asahi University International Student Special Course,https://www.asahi-u.ac.jp/dpt/ryugaku/
446,Motosu City,Subaru Gakuin Motosu School,https://nihongo-subaru.com/?currentLangSet=ja
447,"Sakahogi Town, Kamo District",Central Japan Automobile Junior College International Student Special Course,https://www.nakanihon.ac.jp/bekka/
448,"Aoi Ward, Shizuoka City",Shizuoka International School,http://www.sins.co.jp/
449,"Aoi Ward, Shizuoka City",Shizuoka Japanese Education Center,http://sjec.jp/
450,"Suruga Ward, Shizuoka City",International Language Academy Japanese Language School,https://kotoba.ac.jp/
451,"Naka-ku, Hamamatsu City",Hamamatsu Japanese Language Institute,https://sist-jlc.ac.jp/
452,"Nishi-ku, Hamamatsu City",Shonan Japanese Language Institute Hamamatsu School,https://syonan-academy.jp/
453,"Nishi-ku, Hamamatsu City",Nakano Gakuen Oisuka Development Education College,http://www.oisca.ac.jp/
454,Numazu City,Grandeur Global Academy Numazu School,https://grandeur.world/
455,Numazu City,Numazu Japanese Language Institute,https://sist-jlc.ac.jp/profile_numazu.html
456,Numazu City,Fuji Sakura Japanese School,http://fsjp-school.com/
457,Fujinomiya City,A.C.C. International Exchange Academy,http://accjapan.com/
458,Fuji city,Mt. Fuji Japanese Language School,https://fujisan.kotoba.ac.jp/
459,Kakegawa City,Kakegawa Japanese Language School,https://kakegawa-nihongo-gakkou.com/
460,Fukuroi City,Shizuoka International Language Institute,http://www4.tokai.or.jp/sils/
461,Fukuroi City,TLS Fukuroi,https://takusin-ls.com/
462,"Chikusa-ku, Nagoya",Aichi Shukutoku University International Student Special Course,https://www.aasa.ac.jp/faculty/foreign/index.html
463,"Chikusa-ku, Nagoya",NSA Japanese School,https://japan-nsa.jp/
464,"Chikusa-ku, Nagoya",Nagoya Business Accounting College Japanese Department,https://www.meikei-net.ac.jp/
465,"Higashi-ku, Nagoya",Foreign Language Institute Advanced Academy,http://www.advance-academy.jp/
466,"Higashi-ku, Nagoya",Nissei Japanese Language Academy Nagoya School,http://nagoya.nissei.ac/
467,"Nakamura Ward, Nagoya City",I.C.NAGOYA,https://icn.gr.jp/
468,"Nakamura Ward, Nagoya City",ESL Lab Japanese Language Institute Nagoya School,https://www.jsllab.jp/
469,"Nakamura Ward, Nagoya City",North River Japanese School,http://www.nrs-ac.jp/
470,"Nakamura Ward, Nagoya City",Hotsuma International School Nagoya School,https://hotsuma-group.com/new/
471,"Naka-ku, Nagoya",ARMS Japanese School,https://ah-jls.com/
472,"Naka-ku, Nagoya",Aichi International Academy,https://aiaso.gr.jp/
473,"Naka-ku, Nagoya",Asean Japanese Language School,http://asean-school.jp/
474,"Naka-ku, Nagoya",ECC Japanese Language Institute Nagoya School,https://www.ecc-nihongo.com/
475,"Naka-ku, Nagoya",H & A Japanese Language School,https://ah-jls.com/
476,"Naka-ku, Nagoya",Kamiyama Gakuin Japanese Language School,https://www.kamiyama-gakuin.com/
477,"Naka-ku, Nagoya",JLC Education Academy,https://www.jlc-nihongo.com/
478,"Naka-ku, Nagoya",Central Japan Japanese Language School,https://cj-manabi.nagoya/
479,"Naka-ku, Nagoya",Nagoya SKY Japanese Language School,http://www.nagoya-sky.co.jp/
480,"Naka-ku, Nagoya",Nagoya Fukutoku Japanese Language Institute,http://www.nfng.jp/
481,"Naka-ku, Nagoya",Nagoya YMCA Japanese Language Institute,https://nagoyaymca.ac.jp/nihongo/
482,"Naka-ku, Nagoya",Nagoya YWCA Gakuin Japanese Language School,https://ywca.nagoya/
483,"Showa Ward, Nagoya City",Nagoya International School of Japanese,http://nagoyais.com/
484,"Mizuho Ward, Nagoya City",Aichi Institute of Technology Foreign Language School,https://nihongo.denpa.jp/
485,"Atsuta Ward, Nagoya City",Nagoya Gakuin University International Student Special Course,https://www.ngu.jp/ijs/
486,"Nakagawa Ward, Nagoya City",ASAHI Bunka Gakuin,https://asahica.com/
487,"Minato-ku, Nagoya",Nagoya International Language Institute,http://nifls.la.coocan.jp/
488,"Meito-ku, Nagoya",Nagoya International Academy,https://ni-academy.jp/
489,Toyohashi City,Toyohashi Japanese Language School,http://www.toyohashi-japanese.com/
490,Okazaki City,School Corporation Richinomori Okazaki Japanese Language School,http://www.okazaki-japanese.com/
491,Okazaki City,YAMASA Institute of Language and Culture,https://www.yamasa.org/ja/index.html
492,Kasugai City,Kyoshin Language Academy Nagoya Kita School,https://www.kla.ac/jp/school/nagoya/
493,Inuyama City,Nagoya Academy of Education,http://www.fftt.biz/nihongo/
494,Komaki City,Iris Japan Language School,https://www.irisjapaninternational.com/
495,Shinshiro City,Kobun International,http://www.koubun-int.jp/
496,Iwakura City,Aichi Kotonoha Gakuin,http://www.kotonoha-jp.com/
497,"Kanie Town, Ama District",Usec International School,http://www.usec-is.com/
498,Tsu city,Mie Japanese School,https://www.mienihongo.jp/
499,Yokkaichi,International Japanese School,http://www.nipponschool.jp/jp/contact.php
500,Yokkaichi,Humanitec Life Design College,https://www.humanitec-ld.jp/
501,Yokkaichi,Yokkaichi Japanese Language School,http://yjls.jp/
502,Suzuka City,Suzuka Japanese Language School,http://www.suzuka-japanese.co.jp/
503,Otsu City,Kyoshin Language Academy Biwako School,https://www.kla.ac/jp/school/biwako/
504,"Kamigyo Ward, Kyoto City",Kyoto International Academy,http://www.kia-ac.jp/
505,"Kamigyo Ward, Kyoto City",Kyoto Japanese Language Education Center Kyoto Japanese Language School,http://www.kjls.or.jp/
506,"Sakyo Ward, Kyoto City",Kyoto Computer Academy Kamogawa School Kyoto Japanese Language Training Center,https://www.kjltc.jp/
507,"Sakyo Ward, Kyoto City",Kyoto Institute of Culture and Language,http://www.kicl.ac.jp/jp/
508,"Nakagyo Ward, Kyoto City",ARC Kyoto Japanese Language School,http://japanese.arc-academy.co.jp/
509,"Nakagyo Ward, Kyoto City",ISI Language School Kyoto School,https://www.isi-education.com/ja/location/kyoto/
510,"Nakagyo Ward, Kyoto City",SCG Japanese Language School,https://scg-language.com/jpn/index.html
511,"Nakagyo Ward, Kyoto City",Katsugaku Shoin,https://www.katugaku.com/
512,"Nakagyo Ward, Kyoto City",Kyoto YMCA International Welfare College Japanese Language Department,http://kyotoymca.or.jp/japanese/
513,"Shimogyo Ward, Kyoto City",Keishin Language Academy Kyoto Central School,https://www.kla.ac/jp/school/kyotochuo/
514,"Shimogyo Ward, Kyoto City",Japan International Language Academy Kyoto School,https://j-ila.com/
515,"Shimogyo Ward, Kyoto City",Japanese Center,https://www.nihongo-c.jp/
516,"Shimogyo Ward, Kyoto City",YIC Kyoto Japanese Language Institute,https://www.yic-kyoto.ac.jp/japanese/
517,"Ukyo Ward, Kyoto City",Kyoto University of Foreign Studies International Student Special Course,https://www.kufs.ac.jp/en/faculties/overseas/index_ja.html
518,"Ukyo Ward, Kyoto City",Kyoto Minsai Japanese Language School,https://www.kyotominsai.co.jp/
519,"Fushimi Ward, Kyoto City",Kansai Language Academy,https://www.kansaigogen.com/index.html
520,"Fushimi Ward, Kyoto City",Kyoto Language and Culture Institute,https://kyoto-lc.ac.jp/
521,"Fushimi Ward, Kyoto City",Kyoto Akizuki Gakuen,https://ja-jp.facebook.com/kyoto.shugetsugakuen
522,"Fushimi Ward, Kyoto City",JCL Foreign Language Institute,http://www.group-jcl.com/indexJP.html
523,"Yamashina Ward, Kyoto City",Binai Gakuen Japanese Language School Kyoto School,https://kamei-nihongo.com/
524,"Yamashina Ward, Kyoto City",Kyoto Asuka Academia,https://www.asuka-edu.com/
525,"Miyakojima Ward, Osaka City",One Purpose International Academy,http://www.one-purpose.co.jp/
526,"Konohana Ward, Osaka City",Osaka International Education Academy,http://inter-edu.co.jp/
527,"Nishi-ku, Osaka",Ebisu Japanese School,https://iebisu.com/jp/%E3%83%9B%E3%83%BC%E3%83%A0%E3%83%9A%E3%83%BC%E3%82%B8/
528,"Nishi-ku, Osaka",Osaka YMCA International College,https://www.osakaymca.ac.jp/college/
529,"Nishi-ku, Osaka",Clover Academy,http://www.clover-li.co.jp/
530,"Nishi-ku, Osaka",J International Academy,http://jcom-ies.co.jp/
531,"Nishi-ku, Osaka",Manwa International Education Academy,https://www.manwa-education.com/
532,"Taisho Ward, Osaka City",JMC Japanese Language School,http://www.jmc-hd.com/
533,"Taisho Ward, Osaka City",BASIC Japanese Language Institute,http://www.sankyo-mfg.co.jp/basic/
534,"Tennoji Ward, Osaka City",Ashiya International Academy Osaka School,http://ashiya-intl.com/
535,"Tennoji Ward, Osaka City",Osaka YMCA Japanese Language Department,https://www.osakaymca.ac.jp/nihongo/
536,"Tennoji Ward, Osaka City",Kansai International Academy,http://kkg.comto.net/
537,"Tennoji Ward, Osaka City",JIN Tokyo Japanese Language School Osaka School,https://jintokyo.com/
538,"Tennoji Ward, Osaka City",Japan Student Services Organization Osaka Japanese Language Education Center,https://www.jasso.go.jp/ryugaku/jlec/ojlec/index.html
539,"Naniwa Ward, Osaka City",ARC Osaka Japanese Language School,https://japanese.arc-academy.net/building/osaka
540,"Naniwa Ward, Osaka City",AKK Bunka Gakuin,http://akk-nihongo.com/
541,"Naniwa Ward, Osaka City",Yale Gakuen Department of Japanese Language Education,https://jls.ehle.ac.jp/
542,"Naniwa Ward, Osaka City",Ohara Foreign Language Tourism & Bridal Beauty Vocational School,https://www.o-hara.ac.jp/osaka/gakkou/gaigo/
543,"Naniwa Ward, Osaka City",Ohara Bookkeeping Law College Namba School,https://www.o-hara.ac.jp/osaka/senmon/school/nanba_boki/
544,"Naniwa Ward, Osaka City",Meric Japanese School,http://www.meric.co.jp/meric/
545,"Nishiyodogawa Ward, Osaka City",Osaka International Language Institute,http://www.okgg.info/
546,"Higashiyodogawa Ward, Osaka City",International Future Academy,https://kokusaimirai.com/
547,"Higashiyodogawa Ward, Osaka City",Shin-Osaka Foreign Language Institute,http://www.sofli.ac.jp/
548,"Higashiyodogawa Ward, Osaka City","Japanese Medical Welfare College, Department of Japanese",https://www.studyjapan.jp/schools/detail/R34226
549,"Higashiyodogawa Ward, Osaka City","Department of Japanese Language, Japan Science and Technology Information College",https://www.kamei.ac.jp/
550,"Higashinari Ward, Osaka City",Jac Education Academy,http://www.jac-nihongo.com/
551,"Ikuno Ward, Osaka City",Kaifu Japanese School Attached to Asia House,http://asia-house.net/
552,"Ikuno Ward, Osaka City",Well Japanese Language Institute,http://www.healthcare-jinzai.or.jp/japanese-school/
553,"Ikuno Ward, Osaka City",Shinai Language College,http://www.shin-i.jp/
554,"Ikuno Ward, Osaka City",Howdy Japanese School,https://howdy-jp.com/
555,"Asahi Ward, Osaka City",ACC Japanese Language Institute,https://acc-edu.jp/
556,"Abeno Ward, Osaka City",Abeno Japanese Language Institute,https://abenojapan.com/
557,"Abeno Ward, Osaka City",Kansai Foreign Language College Japanese Course,https://www.tg-group.ac.jp/nihongo/j/top.html
558,"Abeno Ward, Osaka City",Vocational School Seifu Institute of Information Technology Japanese Department,https://i-seifu.com/jp/
559,"Abeno Ward, Osaka City",Bunrin Gakuin Japanese Department,https://www.nagata-g.co.jp/bunrin
560,"Sumiyoshi Ward, Osaka City",Keishin Language Academy Osaka School,https://www.kla.ac/jp/school/osaka/
561,"Sumiyoshi Ward, Osaka City",Seigan Japanese Language School,https://seigan-nihongo.com/
562,"Higashisumiyoshi Ward, Osaka City",Yamato Education Academy,https://daiwakyouiku.co.jp/
563,"Nishinari Ward, Osaka City",Osaka Tourism Business Japanese Language School,https://nihongo.octb.ac.jp/index.php
564,"Nishinari Ward, Osaka City",Osaka International Academy,http://osaka-intlacademy.jp/
565,"Nishinari Ward, Osaka City",Kinki Japanese Language Institute,https://www.kknihongo.net/
566,"Yodogawa Ward, Osaka City",Osaka High Technology College,https://www.osaka-hightech.ac.jp/
567,"Yodogawa Ward, Osaka City",Loop International Japanese School,http://loop-ijlschool.com/
568,"Suminoe Ward, Osaka City",Morinomiya Medical School Language School,https://jls.morinomiya.ac.jp/
569,"Hirano Ward, Osaka City",Osaka Japanese Academy,https://oja.jp/
570,"Hirano Ward, Osaka City",Osaka Minami Japanese School,http://www.osaka-minami.com/
571,"Hirano Ward, Osaka City",SANWA Foreign Language Institute,http://sanwa-language.com/
572,"Kita Ward, Osaka City","ECC International College of Foreign Languages, Department of Japanese",http://japan.ecc.ac.jp/ja/
573,"Kita Ward, Osaka City",Osaka General Welfare College,https://www.oscw.ac.jp/
574,"Kita Ward, Osaka City",Osaka International School of Culture and Culture,https://japanese.ac.jp/
575,"Kita Ward, Osaka City",Osaka YWCA Vocational School,http://www.osakaywca.ac.jp/
576,"Kita Ward, Osaka City",Kaisei Academy Japanese Language School Osaka Umeda School,https://nihongo.kaisei-group.co.jp/
577,"Kita Ward, Osaka City",Japanese-Chinese Language College,http://jcla-osaka.com/
578,"Kita Ward, Osaka City",Heisei Medical Academy College Japanese Department,https://www.heisei-iryo-gakuen.jp/
579,"Kita Ward, Osaka City",Medical Esthetic College Japanese Department,https://www.mec.ac.jp/
580,"Chuo-ku, Osaka",Osaka Foreign Language Institute,http://osaka-gaigo.jp/
581,"Chuo-ku, Osaka",Osaka Biomedical College Japanese Language Department,https://www.obm.ac.jp/international/faculty/japanese.html
582,"Chuo-ku, Osaka",Human Academy Japanese Language School Osaka School,https://hajl.athuman.com/access/osaka.php
583,"Chuo-ku, Osaka",First Study Japanese School Osaka Main School,https://firststudy.net/
584,"Sakai Ward, Sakai City",Osaka Frontier Japanese Language School,http://www.ofj-ls.jp/
585,"Sakai Ward, Sakai City",Shina International Language Institute,https://www.shin-a-ils.com/
586,"Sakai Ward, Sakai City",Daiwa Academy,http://www.daiwa-ac.jp/
587,"Kita Ward, Sakai City",Earth Foreign Language Institute,https://earth-gaigo.com/ja/
588,"Kita Ward, Sakai City",Osaka Japanese Language Institute,http://osaka-jls.net/
589,Suita City,Kansai University International Student Special Course,https://www.kansai-u.ac.jp/ku-jpn/
590,Izumiotsu City,First Study Japanese School Osaka Izumiotsu School,https://firststudy.net/access.html
591,Kaizuka City,OCEANS INTERNATIONAL SCHOOL,http://oceansgroup.co.jp/
592,Moriguchi City,Osaka International University International Student Special Course,https://www.oiu.ac.jp/gakubu/bekka/
593,Moriguchi City,Yuchi International Japanese Language Institute,http://yuchijapanese.com/
594,Tondabayashi City,JVC Academy,http://jvca-osaka.jp/
595,Tondabayashi City,Hotsuma International Osaka School,https://hotsuma-group.com/new/
596,Habikino City,Aoyama Hope Academy,https://ja-jp.facebook.com/pages/category/School/Aoyama-Hope-Academy-1798735490376032/
597,Fujiidera City,Minami Osaka International Language School,https://s-osakajp.com/
598,Higashi Osaka City,Osaka Meisei International Japanese Language School,https://osakameisei.com/
599,Higashi Osaka City,Higashi Osaka Mirai Japanese Language School,https://www.mirai.osaka.jp/
600,Shijonawate City,Hannah Central Rehabilitation College,https://www.hanna-reha.ac.jp/
601,"Higashinada Ward, Kobe City",Kobe Kokusai University Faculty of Economics International Special Course,https://www.kobe-kiu.ac.jp/faculty/economics/bekka/
602,"Higashinada Ward, Kobe City",Kobe Sumiyoshi International Japanese Language School,https://www.s-i-s-kobe.com/
603,"Nada Ward, Kobe City",Keishin Language Academy Kobe School,https://www.kla.ac/jp/school/kobe/
604,"Nada Ward, Kobe City",Hideaki Kobe International Academy,https://www3.hp-ez.com/hp/shumei-kobe/page2
605,Kobe City Hyogo Ward,Asian Academy,https://ari-edu.org/
606,Kobe City Hyogo Ward,Aristo Foreign Language Institute,http://www.arist-f.com/
607,Kobe City Hyogo Ward,KIJ Language Academy,https://www.kij123.com/
608,Kobe City Hyogo Ward,KIJ Language Academy South School,https://www.kij123.com/about/
609,Kobe City Hyogo Ward,Kobe World Academy,http://khakideer1.sakura.ne.jp/kobe-world-academy/
610,"Nagata Ward, Kobe City",Kagura Japanese Academy,https://kagura-kobe.jp/
611,"Nagata Ward, Kobe City",Kobe Foreign Language Education Academy,https://www.kobe-gaigo.jp.net/
612,"Nagata Ward, Kobe City",Kobe Shin Nagata Japanese Language Institute,https://ksn-japanese.jp/
613,"Nagata Ward, Kobe City",Interculture Language Academy,http://www5d.biglobe.ne.jp/~ila/
614,"Nagata Ward, Kobe City",Subaru Foreign Language Institute,https://subarugaigo.jimdofree.com/
615,"Nagata Ward, Kobe City",Hanshin Motor Aviation Railway College Japanese Special Course,https://www.hits.ac.jp/02_04_japanese.html
616,"Chuo-ku, Kobe",ECC Japanese Language Institute Kobe School,https://www.ecc-nihongo.com/
617,"Chuo-ku, Kobe",Kasuga Japanese Language Institute,http://www.kasuga-kobe.jp/
618,"Chuo-ku, Kobe",Kobe KR Academy,https://kobe-kr-academy.jimdofree.com/
619,"Chuo-ku, Kobe","Kobe Institute of Computing, Department of Japanese",https://www.kobedenshi.ac.jp/whatsnew/course/ch
620,"Chuo-ku, Kobe",Kobe Oriental Japanese Language Institute,https://jp-college.com/
621,"Chuo-ku, Kobe",Kobe YMCA Gakuin Vocational School Japanese Language Department,https://www.kobeymca.ac.jp/vocational_school
622,"Chuo-ku, Kobe",Communica Academy,http://www.communica-institute.org/
623,"Chuo-ku, Kobe",Tomito Foreign Language Institute,https://www.tomifuji.ac.jp/
624,"Chuo-ku, Kobe",Japanese Academy Mirai,http://jli-mirai.com/
625,Himeji City,SBC Himeji Japanese Language Institute,https://jl-acad.com/
626,Himeji City,Sochi International Academy,https://sochi-nihongo.com/
627,Himeji City,Western Japan Business Language Institute,https://jschool.jp/
628,Himeji City,"Japan Engineering College, Department of Japanese",https://www.seigaku.ac.jp/course_guide/international/course02/
629,Amagasaki City,Asian International Center,http://aic.asian-foundation.org/
630,Amagasaki City,AMA Japan College,https://amajc.ac.jp/
631,Amagasaki City,Kobe Japanese Language Institute,https://kobe-nichigo.jp/
632,Nishinomiya City,Kobe International Language School,https://www.kobe-kg.jp/
633,Ashiya City,AISJ Japanese Language School,https://www.facebook.com/ashiya.intl/
634,Itami City,Kansai International Education Academy,http://www.kiei-edu.jp/
635,Kawanishi City,Kaisei Academy Japanese Language School Hyogo Kawanishi School,https://nihongo.kaisei-group.co.jp/kawanishi/jp/
636,Awaji City,Jpga Japan Global Academy,http://jpga.co.jp/
637,"Sayo-cho, Sayo-gun",Sayo Japanese Language School,https://www.facebook.com/SAYOJAPANESELANGUAGESCHOOL/
638,Nara city,Nara Foreign Language Institute,http://tatsumi-gakuen.ac.jp/
639,Nara city,Nara General Business College,https://www.nagai.ac.jp/business/
640,Yamatotakada City,Yamato International Japanese Language Institute,https://yamato-i-c.net/
641,Tenri City,Tenrikyo Language Institute Japanese Department,https://kaigai.tenrikyo.or.jp/tli/top/?page_id=74
642,Kashihara City,Aim Nara International Academy,https://aim-nara.ac/
643,Kashihara City,Nissei Japanese Language School Nara School,http://www.nissei.ac/
644,Sakurai City,Yamatomahorobani Japanese School,http://yamato.kotoba.ac.jp/
645,Wakayama City,Wakayama Foreign Language College,http://www.wfs.ac.jp/
646,Wakayama City,Wakayama 2nd Japanese Language School,http://www.wfs.ac.jp/
647,Wakayama City,Wakayama YMCA International Welfare College Japanese Language Department,https://wakayamaymca.ac.jp/japanese/wp/
648,Tottori City,Tottori Jokita Japanese Language School,http://www.tjng.jp/
649,Yonago City,Yonago International Business College,https://yonagokokusai.jp/
650,Yonago City,Yonago Japanese School,https://www.ynihongo.jp/
651,"Chizu-cho, Yazu-gun",Chibayashi Japanese Language School,https://chirin.client.jp/event1.html
652,Matsue,Vocational School Matsue General Business College Japanese Language Department,https://bijisen.sctg.ac.jp/course-lineup/ForeignStudent/
653,Izumo City,Trinity College Izumo Medical and Welfare College,https://izumo.trinity.ac.jp/
654,"Kita Ward, Okayama City",Okayama Institute of Languages,https://okg-jp.com/
655,"Kita Ward, Okayama City",Okayama Science and Technology College Japanese Language Department,https://www.oist.ac.jp/nihongo/
656,"Kita Ward, Okayama City",Vocational School Okayama Business College Japanese Language Department,https://obcnet.ac.jp/jp/
657,"Kita Ward, Okayama City",Osafune Japanese Language School,http://www.osafune.info/
658,"Higashi-ku, Okayama",Okayama Gakugeikan Foreign Language School,http://www.gakugeikan.ed.jp/introduction/international.html
659,Kurashiki City,Kurashiki Foreign Language Institute,http://kurashikigaigo.jp/
660,Kurashiki City,Kurashiki University of Science and Technology,https://www.kusa.ac.jp/
661,"Naka-ku, Hiroshima City",Hiroshima YMCA Vocational School,https://www.hymca.jp/hyc/
662,"Higashi-ku, Hiroshima",Human Welfare Hiroshima Vocational School Japanese Language Department,http://human.ed.jp/
663,"Asaminami Ward, Hiroshima City",IGL Medical Welfare College Japanese Language Department,https://www.igl.ac.jp/int/course/jpn/
664,Hiroshima City Aki Ward,Japan Wellness Sports College Hiroshima School,https://www.nihonwellness-sport.jp/hiroshima/
665,Mihara City,Yamanaka Gakuen Mihara International Academy of Languages Japanese Department,https://www.mial.ac.jp/
666,Onomichi,Ace Language Academy,https://ace-language.jp/
667,Fukuyama City,Anabuki Medical and Welfare College (Japanese Language Department),http://ana.anabuki.ac.jp/japanese/jp/
668,Fukuyama City,Hiroshima Academy,https://www.kg-edu.jp/haj/
669,Fukuyama City,Vocational school Hiroshima International Business College,https://hibc.jp/
670,Fukuyama City,Fukuyama International Language Institute,http://www.fuwai.jp/
671,Fukuyama City,Fukuyama YMCA International Business College,https://www.hymca.jp/
672,Fukuyama City,Mirokunosato International Cultural Institute Japanese Language School,http://www.miroku-jls.com/
673,Higashi Hiroshima City,HLA Japanese School,https://www.hlaj201904.com/
674,"Kaita-cho, Aki-gun",Hiroshima Welfare College,https://hiroshimafukushi.ac.jp/
675,Shimonoseki City,Sakura International Language Institute,https://sakura.ac.jp/
676,Yamaguchi City,Japanese language education institution Uguisu,http://taiki-group.net/Uguisu/
677,Yamaguchi City,Japanese language school,https://www.seirankai.or.jp/heartschool_ja
678,Hagi City,Vocational school Sakura International Language Education Academy,https://sakura.ac.jp/
679,Shunan City,Tokuyama Sogo Business College,https://www.tokubi.net/
680,Tokushima City,Vocational School Anabuki Information Civil Service College,https://web.anabuki-college.ac.jp/
681,Takamatsu City,Anabuki Business College (Japanese Department),http://ana.anabuki.ac.jp/japanese/jp/
682,Matsuyama City,Kawahara Electronic Business College Japanese Language Department,https://jpn.kawahara.ac.jp/
683,Niihama City,Happiness Foreign Language Institute,https://hapinesu-fls.com/
684,Kochi City,International Design Beauty College,https://www.ryoma.ac.jp/cid/
685,"Kokurakita Ward, Kitakyushu City",Kitakyushu Foreign Language Institute,http://www.kfla.jp/
686,"Kokurakita Ward, Kitakyushu City",Kitakyushu YMCA Academy,http://www.k-ymca.or.jp/japanese/
687,"Kokurakita Ward, Kitakyushu City",Kitakyushu Japanese Culture Institute,http://knbg.jp/
688,"Kokurakita Ward, Kitakyushu City",Kyushu Medical Sports College Japanese Department,https://www.kmsv.jp/sp/japanese-jp/
689,"Yahatahigashi Ward, Kitakyushu City",Vocational school Ohara Automobile Technical College,https://yahata.o-hara.ac/
690,"Yahatanishi Ward, Kitakyushu City",Japanese language school,http://jls-kitakyushu.com/
691,"Higashi-ku, Fukuoka",Aiwa Foreign Language Institute,https://www.aiwa.ne.jp/
692,"Higashi-ku, Fukuoka",Enishi Japanese School,http://www.enishi-fukuoka.jp/
693,"Higashi-ku, Fukuoka",Fukuoka Foreign Language College,https://www.fflc.ac.jp/
694,"Hakata-ku, Fukuoka",Aso Foreign Language Tourism & Confectionery College,https://entry-aftc.asojuku.ac.jp/lp/2021/englishability/?gclid=Cj0KCQjwv5uKBhD6ARIsAGv9a-wkTn9wATgjM5H4mgzkv2J5Hg7IFER0W8XOH4Nr8l0gCtpsqYJ4UfQaAq7FEALw_wcB
695,"Hakata-ku, Fukuoka",Vocational school Aso Institute of Technology Automobile College,https://asojuku.ac.jp/acet/
696,"Hakata-ku, Fukuoka",Aso Information Business College,https://asojuku.ac.jp/abcc/
697,"Hakata-ku, Fukuoka",Iroha Japanese School,https://www.facebook.com/iroha.fjls/
698,"Hakata-ku, Fukuoka",FLA Academy,http://fla-jp.com/
699,"Hakata-ku, Fukuoka",Ohara Childcare Medical Welfare College Fukuoka School,https://fukuoka.o-hara.ac/
700,"Hakata-ku, Fukuoka",Kyushu Foreign Language Institute,http://www.kfla.jp/
701,"Hakata-ku, Fukuoka",Kyushu International Education Academy,https://www.qsintedu.com/
702,"Hakata-ku, Fukuoka",Vocational school Kyushu Designer Gakuin,https://www.kdg.ac.jp/
703,"Hakata-ku, Fukuoka",Genki Japanese and Culture School,https://www.genkijacs.com/
704,"Hakata-ku, Fukuoka",GAG Japanese Language Institute,https://www.facebook.com/GAGtrainingcenter/
705,"Hakata-ku, Fukuoka",East Asian Japanese School,https://eastasiajs.com/
706,"Hakata-ku, Fukuoka",Fukuoka International Academy,https://www.f-i-a.jp/
707,"Hakata-ku, Fukuoka",Fukuoka National Land Construction College,https://kokusen.ac.jp/
708,"Hakata-ku, Fukuoka",Fuji International Academy,http://fuji-ac.jp/
709,"Chuo Ward, Fukuoka City",Asian International Language Institute,http://aila.takagigakuen.ac.jp/jp/
710,"Chuo Ward, Fukuoka City",Kyushu English Mathematics Center International Language Institute,http://www.kyushu-eisu.ac.jp/
711,"Chuo Ward, Fukuoka City",Fukuoka YMCA Japanese Language School,http://www.fukuoka-ymca.or.jp/japanese
712,"Minami-ku, Fukuoka",Asia Japanese Academy,http://www.a-j-academy.jp/aja/index.html
713,"Minami-ku, Fukuoka",Kyushu Japanese Language Institute,http://www.k-nichigo.jp/
714,"Minami-ku, Fukuoka",Nishinihon International Education Institute,http://miyatagakuen.ac.jp/niei/
715,"Minami-ku, Fukuoka",Japan International Language Academy Fukuoka School,https://j-ila.com/
716,"Minami-ku, Fukuoka",Fukuoka Japanese Language School,http://www.fukuokaschool.com/
717,"Jonan Ward, Fukuoka City",Fukuoka YMCA International Hotel / Welfare College Japanese Department,http://www.fukuoka-ymca.or.jp/japanese
718,"Sawara Ward, Fukuoka City",Seinan Gakuin University International Student Special Course,https://www.seinan-gu.ac.jp/education_study/international/incoming/intl_dvision.html
719,Kurume City,Kurume Institute of International Relations,http://kurume-nippon.net/
720,Kurume City,Specialized Training College Kurume Seminar Japanese Language Department,https://www.kusemi.ac.jp/nihongo/
721,Kurume City,Kurume University International Student Special Course,https://www.kurume-u.ac.jp/site/kokusai/intensive-japanese-course.html
722,Ogori City,Kyoubayashi International Language Institute,http://www.kyorin-ila.com/
723,Ogori City,NILS,https://jp.nilsjapan.com/
724,Kasuga City,NILSAnnex,https://jp.nilsjapan.com/location/annex/
725,Onojo City,Haruaki International Academy,https://www.shunkijapanese.com/
726,Itoshima City,Japanese Culture Language Institute,http://jilc.info/
727,"Umi-cho, Kasuya-gun",Kyoshin Language Academy Fukuoka School,https://www.kla.ac/jp/school/fukuoka/
728,"Umi-cho, Kasuya-gun",Japanese Academy,https://www.kyoshin.co.jp/group/
729,"Shingu Town, Kasuya District",Tsuruishi Gakuen Sakura Japanese Language Institute,https://www.j-sakura.net/
730,Saga City,Specialized Training College Kurume Seminar Saga School Japanese Language Department,https://www.kusemi.ac.jp/nihongo/
731,Saga City,Saga Women’s Junior College,http://www.asahigakuen.ac.jp/sajotan/
732,Saga City,Human Academy Japanese Language School Saga School,https://hajl.athuman.com/access/saga.php
733,Tosu City,Hirodo International Academy,http://www.codoi.com/mysite12/japanese.top.html
734,Tosu City,Japanese Cultural Education Academy,https://www.jce-japanese.com/
735,Nagasaki City,Kokoro Medical and Welfare College,https://www.kokoro.ac.jp/
736,Nagasaki City,ko ko ro college japan,http://www.japanese.kokoro.ac.jp/
737,Nagasaki City,Nagasaki Medical Children’s College,https://www.hnmc.jp/
738,Nagasaki City,"Nagasaki Institute of Applied Science, Japanese language training course",https://nias.ac.jp/33_JLC/index.html
739,Nagasaki City,Metro IT Business College,http://www.metro.ac.jp/
740,Sasebo City,Kokoro Medical Welfare College Sasebo School,https://www.kokoro.ac.jp/sasebo/
741,Sasebo City,Nagasaki Japanese Language Institute,https://nagasaki-mg.com/
742,"Chuo Ward, Kumamoto City",Kumamoto Foreign Language College,https://www.kfla.ac.jp/
743,"Chuo Ward, Kumamoto City",Kumamoto YMCA Academy Japanese Department,https://www.kumamoto-ymca.or.jp/nihongo-j/
744,"Chuo Ward, Kumamoto City",Vocational School Koto College Japanese Language Department,https://www.coto.ac.jp/
745,"Chuo Ward, Kumamoto City",Toho International Japanese Language School,http://www.ktijs.com/
746,"Higashi-ku, Kumamoto",Kumamoto Technical College Japanese Language Department,http://www.kumakosen.jp/
747,"Kita Ward, Kumamoto City",Kyushu Survey College Japanese Department,http://www.kyu-soku-sen.ac.jp/qs_top.htm
748,Oita City,Asuka Gakuen Asuka Japanese Language School,https://www.asuka-jls.ac.jp/
749,Oita City,Nippon Bunri University Special Course Japanese Course,https://www.nbu.ac.jp/japanese/study/examination/
750,Beppu City,Beppu University Beppu Japanese Course,https://www.beppu-u.ac.jp/course/japanese/
751,Miyazaki City,Miyazaki Information Business Medical College,https://www.miyajobi.ac.jp/
752,Miyakonojo City,Hoei International Japanese Academy,http://www.houeiacademy.com/
753,Kagoshima City,Kagoshima Career Design College,https://www.harada-gakuen.ac.jp/career/
754,Kagoshima City,Kagoshima Information Business Civil Service College,https://www.kbcc.ac.jp/
755,Kagoshima City,Kyushu Japanese Language School,https://kyushunihongo.weebly.com/
756,Ichikikushikino City,Kamimura Gakuen Vocational School,http://angel.kamimura.ac.jp/ot/
757,Amami City,Kakehashi International School / Amami School,https://www.kakehashi-skysol.co.jp/ks-news/2019102812444.html
758,Naha city,Okinawa JCS Academy,https://okinawajcs.com/
759,Naha city,International Language and Culture Center Japanese Language School,https://iclcjapan.com/ja/
760,Naha city,Nansei Gakuen Sai Tech College Naha,https://www.stc-naha.ac.jp/
761,Naha city,SAELU Gakuin,https://saelu.net/jp/
762,Naha city,Shogakuin International Business Academy,https://www.siba.ac.jp/
763,Naha city,Step World Japanese Language Institute,https://k-stworld.com/
764,Naha city,Japan-Asia Foreign Language Institute,https://nichia1997.com/
765,Naha city,Gores Academy Japanese Academy of Culture and Economics,http://gores.ac.jp/
766,Naha city,Fuji Gakuen Vocational School IT College Okinawa,https://www.it-college.ac.jp/
767,Naha city,Life Junior Japanese Language Institute,https://lifejr.com/
768,Ginowan City,Intercultural Communication Center Japanese Language School,https://www.okinawa-japanese.com/
769,Urasoe City,JSL Japan Academy,http://www.jslnippon.jp/
770,Uruma City,Oriental Language and Culture Institute,https://japanese.toyo-alcc.com/
